<?xml version="1.0" encoding="utf-8"?>
<!DOCTYPE extension SYSTEM "../../tao/doc/structures.dtd">
<structures>
	<structure id='taoDocs' name="Documents" url="/taoDocs/Browser/index" level="7" visible="true">
		<description>An example extension.</description>
		<sections>
			<section id="manage_docs" name="Manage documents" url="/taoDocs/Browser/index">
				<trees>
					<tree name="Document library"
						dataUrl="/taoDocs/Browser/getTreeData"
						editInstanceUrl="/taoDocs/Browser/editDocument"
					/>
				</trees>
				<actions>
					<action name="delete" url="/taoDocs/Browser/delete" context="instance" />
				</actions>
			</section>
		</sections>
	</structure>
</structures>